[
    {
        "username": "shimon",
        "password": "shimon"
    },
    {
        "username": "user2",
        "password": "password456"
    },
    {
        "username": "user3",
        "password": "password789"
    },
    {
        "username": "user4",
        "password": "password101"
    },
    {
        "username": "user5",
        "password": "password112"
    },
    {
        "username": "user6",
        "password": "password131"
    },
    {
        "username": "user7",
        "password": "password141"
    },
    {
        "username": "user8",
        "password": "password151"
    },
    {
        "username": "user9",
        "password": "password161"
    },
    {
        "username": "user10",
        "password": "password171"
    }



]